id,name_ru,name_en,archetype_id,facets,value_base,mass_override,liquid_id,liquid_amount,flammable,illegal,dusty_default,nest_loot,vendor_affinity,wearable_slot,break_threshold,color,scale,tags,lore_ru,lore_en
# ================= TOOLS (code expects these ids/tags)
tool_flashlight,Фонарик «Светлячок»,Firefly Flashlight,flashlight,,3,,,,,,,,tiny,,,,,flashlight,,
tool_rag,Тряпка половая,Floor Rag,rag,,1,,,,,,,,tiny,,,,,rag,,
tool_bucket,Ведро синее,Blue Bucket,bucket,CONTAINER,2,,,,,,,,tiny|household,,,,,bucket,,
tool_tape,Скотч «Всё починит»,Fix-It-All Duct Tape,tape_roll,,2,,,,,,,,tiny,,,888888,,tape,,
tool_lockpick,Отмычка,Lockpick,lockpick,,4,,,,,,,,dark,,,,,lockpick,,
tool_lighter,Зажигалка «Пшик»,Pshhk Lighter,lighter,,1,,,,1,,,,tiny,,,e03030,,lighter,,
tool_matches,Спички «Горят»,They Burn Matches,box_small,,1,,,,1,,,,tiny,,,d8c090,0.3,matches,,
tool_plank,Доска,Plank,plank,,2,,,,1,,,,tiny,,,,,plank,,
tool_nails,Коробка гвоздей,Box of Nails,nail_box,,2,,,,,,,,tiny,,,,,nail,,
tool_broom,Метла,Broom,broom,,3,,,,1,,,,tiny,,,,,broom,,
tool_phone,Телефон «Оценщик»,Appraiser Phone,phone,,5,,,,,,,,tech,,,,,phone|electronics,,
flashlight_big,Фонарь охранника,Guard Flashlight,flashlight,,6,,,,,,,,tiny,,,222222,1.4,flashlight,,
flashlight_dead,Фонарик без батареек,Dead Flashlight,flashlight,,1,,,,,,,,tiny,,,a0a0a0,,flashlight,,
lockpick_pro,Набор взломщика,Pro Lockpick Set,lockpick,,9,,,,,,,,dark,,,c0c0c8,1.3,lockpick,,
lockpick_hairpin,Невидимка,Hairpin,lockpick,,1,,,,,,,,tiny,,,333333,0.6,lockpick,,
lighter_zipppo,Зажигалка «Зипппо»,Zipppo Lighter,lighter,,12,,,,1,,,,tiny|dark,,,c0c0c8,,lighter,,
lighter_gold,Зажигалка золочёная,Gold-Plated Lighter,lighter,,45,,,,1,,,,antique,,,f0c040,,lighter,,
rag_dirty,Тряпка сомнительная,Questionable Rag,rag,,1,,,,,,,,tiny,,,6a5a40,,rag,,
rag_silk,Платок шёлковый,Silk Kerchief,rag,,8,,,,1,,,,antique,,,d04080,,rag,,
tape_colored,Скотч розовый,Pink Duct Tape,tape_roll,,3,,,,,,,,tiny,,,f060a0,,tape,,
tape_scotch,Скотч канцелярский,Office Tape,tape_roll,,1,,,,,,,,tiny,,,e0e0f0,0.6,tape,,
plank_oak,Доска дубовая,Oak Plank,plank,,4,,,,1,,,,household,,,8a6a40,,plank,,
plank_rotten,Доска гнилая,Rotten Plank,plank,,1,,,,1,,,,tiny,,,4a4a30,,plank,,
nail_box_rusty,Гвозди ржавые,Rusty Nails,nail_box,,1,,,,,,,,tiny,,,7a5a40,,nail,,
nail_box_gold,Гвозди позолоченные,Gold Nails,nail_box,,20,,,,,,,,antique,,,f0c040,,nail,,
broom_witch,Метла ведьмы,Witch Broom,broom,,9,,,,1,,,,antique|dark,,,3a2a1a,,broom,,
broom_tiny,Метёлка,Hand Broom,broom,,1,,,,1,,,,tiny,,,c0a060,0.5,broom,,
mop_grey,Швабра,Mop,mop,,4,,,,,,,,tiny,,,,,,,
mop_gross,Швабра мерзкая,Gross Mop,mop,DIRTYABLE,1,,,,,,0.9,,tiny,,,6a6a5a,,,,
mop_designer,Швабра дизайнерская,Designer Mop,mop,,25,,,,,,,,household,,,f0f0f0,,,,
sponge_kitchen,Губка кухонная,Kitchen Sponge,sponge,,1,,,,,,,,tiny,,,,,,,
sponge_loofah,Мочалка,Loofah,sponge,,2,,,,,,,,tiny,,,d0c090,,,,
sponge_robert,Губка Роберт,Sponge Robert,sponge,,4,,,,,,,,tiny,,,f0e040,,,"Живёт в ананасе. Ананас не прилагается.","Lives in a pineapple. Pineapple not included."
bucket_kfs,Ведро «KFS» пустое,Empty KFS Bucket,bucket,CONTAINER,1,,,,,,,,tiny,,,e03030,,bucket,,
bucket_ice,Ведёрко для льда,Ice Bucket,bucket,CONTAINER,12,,,,,,,,household,,,c0c0c8,0.7,bucket,,
# ================= VASES
vase_ikeya,Ваза «ИКЕЙЯ»,IKEYA Vase,vase,FRAGILE|DIRTYABLE,4,,,,,,0.2,,tiny|household,,,e8e8e8,,vase,,
vase_ming,Ваза Мин (настоящая),Ming Vase (Real),vase,FRAGILE|DIRTYABLE,3500,,,,,,0.7,,antique,,3.5,e8f0f8,,vase,"Династия Мин. Или Мини. Надпись стёрлась.","Ming dynasty. Or Mini. The label wore off."
vase_ming_fake,Ваза «Мин» (Мининск),Ming Vase (Made in Minsk),vase,FRAGILE|DIRTYABLE,18,,,,,,0.4,,tiny|antique,,,e8f0f8,,vase,,
vase_rhinestone,Ваза со стразиной,Vase With a Rhinestone,vase,FRAGILE,40,,,,,,,,antique,,,f0e0f0,,vase|gem,"Одна стразина. Одна. Но какая.","One rhinestone. One. But what a rhinestone."
vase_soviet_crystal,Хрусталь бабушкин,Grandma's Crystal Vase,vase_tall,FRAGILE|DIRTYABLE,35,,,,,,0.5,,antique|household,,4.0,d8e8f0,,vase,,
vase_floor_tall,Ваза напольная,Floor Vase,vase_tall,FRAGILE|DIRTYABLE,60,,,,,,0.3,,household|antique,,,a06040,,vase,,
vase_umbrella_stand,Ваза-подставка для зонтов,Umbrella Stand Vase,vase_tall,FRAGILE|CONTAINER,18,,,,,,,umbrella_broken:0.5,household,,5.5,405060,,vase,,
vase_plastic,Ваза пластиковая,Plastic Vase,vase,,1,,,,,,,,tiny,,,40c040,,vase,,
vase_glued,Ваза клееная,Glued Vase,vase,FRAGILE,3,,,,,,,,tiny,,3.0,d0c8b0,,vase,"Шесть кусков. Пять швов. Одна надежда.","Six pieces. Five seams. One hope."
vase_urn,Урна дедушки,Grandpa's Urn,vase,FRAGILE|DIRTYABLE|CONTAINER,12,,,,,,0.3,,antique,,,505050,0.8,vase,"Дед просил не трясти.","Grandpa asked not to be shaken."
vase_greek_amphora,Амфора «греческая»,Greek Amphora (Allegedly),vase_tall,FRAGILE|DIRTYABLE,180,,,,,,0.8,,antique,,4.0,b06030,,vase,,
# ================= PLATES / DISHES
plate_ikeya,Тарелка «ИКЕЙЯ»,IKEYA Plate,plate,FRAGILE,1,,,,,,,,tiny,,,,,,,
plate_gold_rim,Тарелка с золотой каймой,Gold-Rim Plate,plate,FRAGILE|DIRTYABLE,18,,,,,,0.3,,antique,,,f8f8f0,,,,
plate_president,Тарелка с портретом,Commemorative Plate,plate,FRAGILE,8,,,,,,,,antique|tiny,,,f0f0f8,,,"На тарелке чей-то президент. Не наш.","Someone's president on it. Not ours."
plate_souvenir,Тарелка «Привет из Сочи»,Greetings-From-Sochi Plate,plate,FRAGILE,3,,,,,,,,tiny,,,80c0f0,,,,
plate_stack_wedding,Сервиз свадебный,Wedding Service Set,plate_stack,FRAGILE|DIRTYABLE,90,,,,,,0.4,,antique|household,,4.0,f8f8f8,,,,
plate_stack_canteen,Тарелки столовские,Canteen Plates,plate_stack,FRAGILE,6,,,,,,,,tiny,,,e8e8d8,,,,
plate_stack_plastic,Тарелки пластиковые,Plastic Plates,plate_stack,,2,,,,,,,,tiny,,,f0a040,,,,
plate_stack_china,Фарфор «Мейсенн»,Meissenn China Set,plate_stack,FRAGILE|DIRTYABLE,320,,,,,,0.5,,antique,,3.8,f8f8ff,,,,
bowl_soup,Миска суповая,Soup Bowl,bowl,FRAGILE,2,,,,,,,,tiny,,,,,,,
bowl_salad_wood,Салатник деревянный,Wooden Salad Bowl,bowl,DIRTYABLE,6,,,,1,,0.2,,household,,,a07040,,,,
bowl_dog,Миска «Шарик»,Dog Bowl «Rex»,bowl,,1,,,,,,,,tiny,,,e03030,,,,
bowl_singing,Чаша поющая,Singing Bowl,bowl,,65,,,,,,,,antique,,,c0a040,,,,
cup_okayest,Кружка «Лучший папа»,World's Okayest Dad Mug,cup,FRAGILE,2,,,,,,,,tiny,,,,,,,
cup_soviet_gold,Чашка с золотом,Gold-Trim Teacup,cup,FRAGILE|DIRTYABLE,12,,,,,,0.3,,antique,,,f8f8f0,,,,
cup_novelty_toilet,Кружка-унитаз,Toilet Mug,cup,FRAGILE,3,,,,,,,,tiny,,,f0f0f0,,,,
cup_thermos,Термокружка,Travel Mug,cup,,4,,,,,,,,tiny,,,404048,,,,
kettle_electric,Чайник электрический,Electric Kettle,kettle,,8,,,,,,,,household|tech,,,f0f0f0,,electronics,,
kettle_whistle,Чайник со свистком,Whistling Kettle,kettle,DIRTYABLE,10,,,,,,0.2,,household,,,e03030,,,,
kettle_burnt,Чайник обгоревший,Burnt Kettle,kettle,DIRTYABLE,1,,,,,,0.9,,tiny,,,333333,,,,
kettle_samovar,Самовар,Samovar,kettle,DIRTYABLE,140,6,,,,,0.6,,antique,,,d0a040,1.5,,,
teapot_grandma,Заварник бабушкин,Grandma's Teapot,teapot,FRAGILE|DIRTYABLE,7,,,,,,0.3,,household|antique,,,f0e8e0,,,,
teapot_silver,Чайник серебряный,Silver Teapot,teapot,FRAGILE|DIRTYABLE,180,,,,,,0.6,,antique,,5.0,d0d0d8,,,,
teapot_clay,Чайник глиняный,Clay Teapot,teapot,FRAGILE,18,,,,,,,,antique,,,a06040,,,,
teapot_novelty_cat,Заварник-кот,Cat-Shaped Teapot,teapot,FRAGILE,9,,,,,,,,tiny,,,f0a040,,,,
glass_shot_set,Стопки «На троих»,Shot Glass Trio,glass,FRAGILE,3,,,,,,,,tiny,,,,,,,
glass_wine,Бокал винный,Wine Glass,glass,FRAGILE,2,,,,,,,,tiny,,,,1.3,,,
glass_beer_mug,Кружка пивная,Beer Mug,glass,FRAGILE,3,,,,,,,,tiny,,,d0c090,1.4,,,
glass_crystal_goblet,Кубок хрустальный,Crystal Goblet,glass,FRAGILE|DIRTYABLE,65,,,,,,0.4,,antique,,4.0,e0f0ff,1.5,,,
# ================= ELECTRONICS
plasma_55,Плазма 55 «Самсонг»,55-inch Samsong Plasma,hero_plasma,FRAGILE|DIRTYABLE,350,,,,,,0.1,,tech,,5.0,,,electronics|tv,,
tv_plasma_cracked,Плазма треснутая,Cracked Plasma TV,tv_plasma,FRAGILE,25,,,,,,,,tech|tiny,,4.0,202028,,electronics|tv,,
tv_plasma_32,Плазма 32 «Элджи»,32-inch Elgee Plasma,tv_plasma,FRAGILE,120,,,,,,,,tech,,,202028,0.65,electronics|tv,,
tv_plasma_smart,Смарт-ТВ «Хайсенс»,Hisenss Smart TV,tv_plasma,FRAGILE,220,,,,,,,,tech,,,101018,0.9,electronics|tv,,
tv_crt_soviet,Телевизор «Рубин»,Roobin CRT TV,tv_crt,DIRTYABLE,18,,,,,,0.6,,tiny|tech,,,6a4a2a,,electronics|tv,,
tv_crt_tiny,Телевизор кухонный,Tiny Kitchen CRT,tv_crt,,5,,,,,,,,tiny,,,e8e8e0,0.5,electronics|tv,,
tv_crt_gaming,ЭЛТ «для ретро»,Gamer's CRT,tv_crt,,40,,,,,,,,tech,,,333333,0.8,electronics|tv,,
monitor_office,Монитор офисный,Office Monitor,monitor,FRAGILE,15,,,,,,,,tech,,,303038,,electronics,,
monitor_ultrawide,Монитор широченный,Ultrawide Monitor,monitor,FRAGILE,140,,,,,,,,tech,,,202028,1.3,electronics,,
monitor_crt_beige,Монитор бежевый,Beige CRT Monitor,monitor,DIRTYABLE,4,,,,,,0.5,,tiny,,,d8d0b8,,electronics,,
laptop_thinkpaddy,Ноутбук «СинкПадди»,ThinkPaddy Laptop,laptop,FRAGILE,90,,,,,,,,tech,,,222222,,electronics,,
laptop_macbuk,Ноутбук «МакБук Эйр-р»,MacBuk Air-r,laptop,FRAGILE,400,,,,,,,,tech,,,c8c8d0,,electronics,,
laptop_2005,Ноутбук 2005 года,2005 Laptop,laptop,,8,,,,,,,,tiny|tech,,,505058,,electronics,,
laptop_sticker,Ноут в наклейках,Sticker-Covered Laptop,laptop,FRAGILE,60,,,,,,,,tech,,,404060,,electronics,,
phone_iphon4s,«АйФон 4S»,iPhon 4S,phone,FRAGILE,12,,,,,,,,tech,,,202024,,electronics,,
phone_nokla,«Нокла 3310»,Nokla 3310,phone,,25,,,,,,,,tech|tiny,,60,3050a0,,electronics,"Пережил три брака и один потоп.","Survived three marriages and a flood."
phone_flip,Раскладушка,Flip Phone,phone,,6,,,,,,,,tiny,,,c0c0c8,,electronics,,
phone_gold,Телефон «золотой»,Gold Phone,phone,FRAGILE,75,,,,,,,,tech|dark,,,f0c040,,electronics,,
phone_burner,Телефон одноразовый,Burner Phone,phone,ILLEGAL,20,,,,,1,,,dark,,,333333,,electronics,,
tablet_ipud,Планшет «АйПуд»,iPud Tablet,tablet,FRAGILE,80,,,,,,,,tech,,,d0d0d8,,electronics,,
tablet_kids,Планшет детский,Kids Tablet,tablet,,10,,,,,,,,tiny,,,40c0f0,,electronics,,
tablet_cracked,Планшет паутинкой,Spiderweb Tablet,tablet,,5,,,,,,,,tiny|tech,,,222222,,electronics,,
camera_polaroid,Фотик «Поляройд»,Polaroyd Camera,camera,FRAGILE,45,,,,,,,,tech|antique,,,f0f0f0,,electronics,,
camera_dslr,Зеркалка «Кэнун»,Canun DSLR,camera,FRAGILE,300,,,,,,,,tech,,,222222,1.3,electronics,,
camera_film_old,Фотик плёночный «Зенит»,Zenith Film Camera,camera,DIRTYABLE,70,,,,,,0.4,,antique,,,333333,,electronics,,
camera_toy,Фотик игрушечный,Toy Camera,camera,,3,,,,,,,,tiny,,,f040a0,,,,
boombox_90s,Бумбокс 90-х,'90s Boombox,boombox,,35,,,,,,,,tech|tiny,,,303030,,electronics,,
boombox_broken,Бумбокс без кнопок,Buttonless Boombox,boombox,DIRTYABLE,6,,,,,,0.4,,tiny,,,404040,,electronics,,
boombox_gold,Бумбокс золотой,Gold Boombox,boombox,,120,,,,,,,,tech|dark,,,f0c040,,electronics,,
radio_soviet,Радиола «ВЭФ»,VEF Radio,radio,DIRTYABLE,20,,,,,,0.5,,antique|tech,,,8a5a30,,electronics,,
radio_car,Магнитола автомобильная,Car Stereo,radio,,8,,,,,,,,tech|dark,,,222222,0.8,electronics,,
radio_ham,Рация дальнобойщика,Trucker CB Radio,radio,,75,,,,,,,,tech,,,333333,,electronics,,
radio_alarm,Радиочасы «Бип-бип»,Beep-Beep Clock Radio,radio,,4,,,,,,,,tiny,,,404040,0.7,electronics,,
console_playbox,Приставка «ПлейБокс 2»,PlayBox 2 Console,console,,30,,,,,,,,tech,,,202020,,electronics,,
console_retro,Приставка «Денди-Ленди»,Dendy-Lendy Console,console,,60,,,,,,,,tech|antique,,,d8d0b8,0.8,electronics,,
console_broken,Приставка без провода,Cordless (Broken) Console,console,,5,,,,,,,,tiny,,,404040,,electronics,,
console_gamecubik,Приставка «ГеймКубик»,GameCubik Console,console,,40,,,,,,,,tech,,,6040a0,0.7,electronics,,
microwave_yellow,Микроволновка жёлтая,Yellowed Microwave,microwave,DIRTYABLE,10,,,,,,0.6,,household|tiny,,,e8e0b0,,electronics,,
microwave_new,Микроволновка «Самсонг»,Samsong Microwave,microwave,,40,,,,,,,,household|tech,,,d0d0d8,,electronics,,
microwave_burnt,Микроволновка с вилкой,Microwave With Fork Inside,microwave,,2,,,,,,,,tiny,,,333333,,electronics,,
fan_desk,Вентилятор настольный,Desk Fan,fan,,6,,,,,,,,household,,,e0e0e0,,electronics,,
fan_industrial,Вентилятор цеховой,Industrial Fan,fan,,25,,,,,,,,household|tech,,,404048,1.4,electronics,,
fan_broken,Вентилятор с двумя лопастями,Two-Blade Fan,fan,,1,,,,,,,,tiny,,,c0c0c0,,electronics,,
lamp_table_lava,Лава-лампа,Lava Lamp,lamp_table,FRAGILE,18,,,,,,,,tech|tiny,,,f060a0,,electronics,,
lamp_table_banker,Лампа банкира,Banker's Lamp,lamp_table,FRAGILE|DIRTYABLE,70,,,,,,0.3,,antique,,,208040,,,,
lamp_table_ugly,Лампа страшная,Ugly Lamp,lamp_table,FRAGILE,3,,,,,,,,tiny,,,a08060,,,,
lamp_table_tiffany,Лампа «Тиффани»,Tiffanny Lamp,lamp_table,FRAGILE|DIRTYABLE,260,,,,,,0.5,,antique,,3.8,c04040,,,,
lamp_floor_tripod,Торшер на треноге,Tripod Floor Lamp,lamp_floor,FRAGILE,30,,,,,,,,household,,,f0e8d0,,,,
lamp_floor_ikeya,Торшер «ИКЕЙЯ»,IKEYA Floor Lamp,lamp_floor,FRAGILE,8,,,,,,,,tiny|household,,,f0f0f0,,,,
lamp_floor_deco,Торшер ар-деко,Art Deco Floor Lamp,lamp_floor,FRAGILE|DIRTYABLE,120,,,,,,0.4,,antique,,,c0a040,,,,
chandelier_crystal,Люстра хрустальная,Crystal Chandelier,chandelier,FRAGILE|DIRTYABLE,250,,,,,,0.5,,antique,,3.5,f0f0ff,,,,
chandelier_plastic,Люстра пластиковая,Plastic Chandelier,chandelier,FRAGILE,15,,,,,,,,tiny|household,,,f0e0c0,0.8,,,
chandelier_grand,Люстра дворцовая,Palace Chandelier,chandelier,FRAGILE|DIRTYABLE|HEAVY_EXPENSIVE,900,,,,,,0.6,,antique,,3.5,f8f8ff,1.4,,,
clock_kitcat,Часы «Кит-Кэт»,Kit-Kat Wall Clock,clock,,20,,,,,,,,antique|tiny,,,222222,,,,
clock_office,Часы офисные,Office Clock,clock,,4,,,,,,,,tiny,,,f0f0f0,,,,
clock_cuckoo,Часы с кукушкой,Cuckoo Clock,clock,FRAGILE|DIRTYABLE,70,,,,,,0.4,,antique,,,6a4a2a,,,"Кукушка кукует раз в час. Иногда два.","The cuckoo calls once an hour. Sometimes twice."
clock_melted,Часы «расплавленные»,Melting Clock,clock,,35,,,,,,,,antique,,,c0a040,,,,
clock_grandfather_antique,Часы напольные антик,Antique Grandfather Clock,clock_grandfather,FRAGILE|DIRTYABLE|HEAVY_EXPENSIVE,600,,,,,,0.6,,antique,,5.5,5a3a20,,,,
clock_grandfather_fake,Часы напольные «ДСП»,Particleboard Tall Clock,clock_grandfather,HEAVY_CHEAP,60,,,,,,,,household,,,8a6a4a,,,,
clock_grandfather_broken,Часы без маятника,Pendulum-less Clock,clock_grandfather,DIRTYABLE|HEAVY_CHEAP,25,,,,,,0.7,,tiny,,,4a3a2a,,,,
remote_tv,Пульт от телека,TV Remote,remote,,1,,,,,,,,tiny,,,,,electronics,,
remote_universal,Пульт универсальный,Universal Remote,remote,,3,,,,,,,,tech,,,333333,,electronics,,
remote_mystery,Пульт от неизвестно чего,Remote to Nothing,remote,,2,,,,,,,,tiny,,,808080,,electronics,"Ни одна кнопка ничего не делает. Или делает где-то.","No button does anything. Or does it somewhere."
typewriter_old,Печатная машинка,Old Typewriter,typewriter,DIRTYABLE,70,,,,,,0.5,,antique,,,222222,,,,
typewriter_writer,Машинка «Того Самого»,That Writer's Typewriter,typewriter,DIRTYABLE,450,,,,,,0.6,,antique,,,333333,,,"Табличка: «На ней писал ОН». Кто ОН — не указано.","Plaque: «HE wrote on this». Who HE is: unspecified."
typewriter_rusty,Машинка ржавая,Rusty Typewriter,typewriter,DIRTYABLE,12,,,,,,0.9,,tiny,,,5a4a3a,,,,
sewing_singher,Швейная «Зингхер»,Singher Sewing Machine,sewing_machine,DIRTYABLE,110,,,,,,0.5,,antique|household,,,222222,,,,
sewing_plastic,Швейная пластиковая,Plastic Sewing Machine,sewing_machine,,15,,,,,,,,household,,,f0f0f0,,electronics,,
sewing_grandma,Швейная бабушкина,Grandma's Sewing Machine,sewing_machine,DIRTYABLE,40,,,,,,0.6,,household|antique,,,404040,,,,
# ================= PAINTINGS / FLAT
painting_velvet_elvis,Элвис на бархате,Velvet Elvis,painting,DIRTYABLE,25,,,,1,,0.2,,antique|tiny,,,202030,,painting,,
painting_dogs_poker,Собаки играют в покер,Dogs Playing Poker,painting,DIRTYABLE,30,,,,1,,0.3,,antique|tiny,,,6a4a2a,,painting,,
painting_kid,Каляка ребёнка в раме,Framed Kid Scribble,painting,DIRTYABLE,3,,,,1,,,,tiny,,,f0e040,0.6,painting,,
painting_motel,Пейзаж мотельный,Motel Landscape,painting,DIRTYABLE,8,,,,1,,0.3,,tiny,,,4080a0,,painting,,
painting_stern_portrait,Портрет строгого дяди,Portrait of a Stern Man,painting,DIRTYABLE,75,,,,1,,0.5,,antique,,,3a2a20,,painting,"Глаза следят. Особенно за руками.","The eyes follow you. Especially your hands."
painting_maybe_master,Картина неизвестного мастера,Unknown Master (Maybe),painting,DIRTYABLE,1200,,,,1,,0.9,,antique,,,2a2a30,,painting,"Под слоем грязи что-то есть. Или нет.","Something under the grime. Or nothing."
painting_black_square,Чёрный квадратик,Black Squarelet,painting,DIRTYABLE,400,,,,1,,,,antique,,,101010,0.7,painting,,
painting_sad_clown,Грустный клоун,Sad Clown,painting,DIRTYABLE,18,,,,1,,0.2,,tiny|dark,,,a04060,,painting|clown,,
painting_boat,Лодка на закате №47,Boat at Sunset #47,painting,DIRTYABLE,12,,,,1,,0.3,,tiny,,,e08040,,painting,,
painting_horse,Конь задом наперёд,Backwards Horse,painting,DIRTYABLE,45,,,,1,,0.4,,antique,,,806040,,painting,"Художник настаивал: так задумано.","The artist insisted it was intentional."
painting_huge,Полотно ОГРОМНОЕ,HUGE Canvas,painting,DIRTYABLE|HEAVY_CHEAP,70,25,,,1,,0.4,,antique|household,,,4060a0,2.2,painting,,
frame_photo_family,Фото чужой семьи,Someone Else's Family Photo,frame_photo,DIRTYABLE,2,,,,1,,0.3,,tiny,,,c0c0c0,,,,
frame_photo_wedding,Фото свадьбы 1987,1987 Wedding Photo,frame_photo,DIRTYABLE,2,,,,1,,0.3,,tiny,,,d0b080,,,,
frame_photo_signed_actor,Фото с автографом актёра,Signed Actor Photo,frame_photo,DOCUMENT,80,,,,1,,,,antique,,,f0f0f0,,,"«С любовью, Тим Круз». Круз через У.","«Love, Tim Cruze». Cruze with a Z."
frame_photo_cat,Фото кота в раме,Framed Cat Photo,frame_photo,,3,,,,1,,,,tiny,,,f0a040,,,,
mirror_bathroom,Зеркало из ванной,Bathroom Mirror,mirror,FRAGILE,6,,,,,,,,tiny|household,,,c0c0c8,0.7,,,
mirror_baroque,Зеркало барокко,Baroque Mirror,mirror,FRAGILE|DIRTYABLE,220,,,,,,0.5,,antique,,3.5,d0b040,,,,
mirror_cracked,Зеркало треснутое,Cracked Mirror,mirror,FRAGILE,1,,,,,,,,tiny,,3.0,a0a0a8,,,"Семь лет несчастий включены в цену.","Seven years of bad luck included."
mirror_gym,Зеркало из качалки,Gym Mirror,mirror,FRAGILE,20,,,,,,,,household,,,b0b0c0,1.3,,,
poster_band,Постер «Металликки»,Metalicca Poster,poster,DIRTYABLE|DOCUMENT,5,,,,1,,,,tiny,,,202020,,,,
poster_motivational,Постер «Успех!»,SUCCESS! Poster,poster,DOCUMENT,1,,,,1,,,,tiny,,,3060a0,,,"Котёнок висит на ветке. Держись.","Kitten hangs from branch. Hang in there."
poster_movie_1st,Афиша первого тиража,First-Print Movie Poster,poster,DIRTYABLE|DOCUMENT,150,,,,1,,0.3,,antique,,,c04040,,,,
poster_missing_cat,Объявление «Пропал кот»,Missing Cat Flyer,poster,DOCUMENT,1,,,,1,,,,tiny,,,f0f0f0,0.5,,"Кот Барсик. Толстый. Награда: спасибо.","Cat Mr. Whiskers. Fat. Reward: gratitude."
rug_persian,Ковёр персидский,Persian Rug,rug,DIRTYABLE,350,,,,1,,0.6,,antique|household,,,802020,,,,
rug_persian_fake,Ковёр «персидский»,Persian-ish Rug,rug,DIRTYABLE,20,,,,1,,0.4,,household,,,a03030,,,,
rug_doormat,Коврик «Проваливай»,GO AWAY Doormat,rug,DIRTYABLE,2,,,,1,,0.5,,tiny,,,6a5a40,0.4,,,
rug_bearskin,Шкура «медведя»,Bear-ish Skin Rug,rug,DIRTYABLE,35,,,,1,,0.3,,household|antique,,,5a3a20,,,,
rug_flying,Ковёр «летающий»,Flying Carpet (Non-Flying),rug,DIRTYABLE,40,,,,1,,0.5,,antique,,,c04080,,,,
# ================= FURNITURE
dresser_oak,Комод дубовый,Oak Dresser,dresser,CONTAINER|DIRTYABLE|HEAVY_EXPENSIVE,120,,,,,,0.5,letter_love:0.4|sock_single:0.6:1:2|cash_20:0.3,antique|household,,,6a4a2a,,,,
dresser_ikeya,Комод «ИКЕЙЯ» (шатается),Wobbly IKEYA Dresser,dresser,CONTAINER,35,,,,,,,tshirt_ironic:0.5|remote_mystery:0.3,household,,,f0f0f0,,,,
dresser_grandma,Комод бабушкин,Grandma's Dresser,dresser,CONTAINER|DIRTYABLE|HEAVY_EXPENSIVE,80,,,,,,0.7,frame_photo_wedding:0.5|letter_debt:0.3|cash_50:0.25|necklace_pearl_fake:0.3,antique|household,,,7a5a3a,,,,
dresser_kids,Комод детский,Kids Dresser,dresser,CONTAINER,20,,,,,,,toy_car_hotwheelz:0.5:1:2|doll_barbee:0.3,household,,,f0a0c0,0.8,,,
nightstand_motel,Тумбочка мотельная,Motel Nightstand,nightstand,CONTAINER|DIRTYABLE,10,,,,,,0.4,book_bible_hotel:0.7|remote_tv:0.4,tiny|household,,,7a5a3a,,,,
nightstand_deco,Тумбочка ар-деко,Art Deco Nightstand,nightstand,CONTAINER|DIRTYABLE,60,,,,,,0.3,letter_love:0.3|watch_pocket:0.15,antique,,,3a2a1a,,,,
nightstand_broken,Тумбочка без ножки,Three-Legged Nightstand,nightstand,CONTAINER,3,,,,,,,,tiny,,,8a6a4a,,,,
shelf_metal,Стеллаж металлический,Metal Shelf,shelf,,12,,,,,,,,household,,,888888,,,,
shelf_wall,Полка настенная,Wall Shelf,shelf,,8,,,,1,,,,tiny|household,,,c0a060,0.5,,,
shelf_designer,Полка дизайнерская,Designer Shelf,shelf,,90,,,,,,,,household,,,f0f0f0,,,,
shelf_garage,Полка гаражная,Garage Shelf,shelf,DIRTYABLE,5,,,,,,0.7,,tiny,,,6a6a60,,,,
bookshelf_oak,Книжный шкаф дубовый,Oak Bookshelf,bookshelf,DIRTYABLE|HEAVY_EXPENSIVE,140,,,,1,,0.5,,antique|household,,,6a4a2a,,,,
bookshelf_particle,Стеллаж из ДСП,Particleboard Bookshelf,bookshelf,HEAVY_CHEAP,20,,,,1,,,,household,,,d8c8a8,,,,
bookshelf_leaning,Стеллаж «Пизанский»,Leaning Bookshelf,bookshelf,HEAVY_CHEAP,4,,,,1,,,,tiny,,,8a6a4a,,,,
chair_plastic,Стул пластиковый,Plastic Chair,chair,,2,,,,,,,,tiny,,,f0f0f0,,,,
chair_office,Кресло офисное,Office Chair,chair,,25,,,,,,,,household|tech,,,222222,,,,
chair_antique,Стул антикварный,Antique Chair,chair,DIRTYABLE,150,,,,1,,0.5,,antique,,,8a6a4a,,,,
chair_electric_prop,Электростул (бутафория),Prop Electric Chair,chair,,80,,,,1,,,,dark|antique,,,5a4a3a,,,"Реквизит. Наверное. Провод настоящий.","Movie prop. Probably. The wire is real."
chair_throne,Трон (из фанеры),Plywood Throne,chair,,45,,,,1,,,,antique|tiny,,,c0a040,1.2,,,
stool_bar,Стул барный,Bar Stool,stool,,15,,,,,,,,household,,,222222,,,,
stool_milking,Табурет доильный,Milking Stool,stool,DIRTYABLE,8,,,,1,,0.6,,antique|tiny,,,a07a50,,,,
stool_broken,Табурет на трёх ножках,Wobbly Stool,stool,,1,,,,1,,,,tiny,,,8a6a4a,,,,
table_coffee,Столик журнальный,Coffee Table,table,,30,,,,,,,,household,,,8a6a4a,0.6,,,
table_kitchen,Стол кухонный,Kitchen Table,table,DIRTYABLE,45,,,,1,,0.3,,household,,,e0d0b0,,,,
table_poker,Стол покерный,Poker Table,table,DIRTYABLE,120,,,,,,0.2,,dark|household,,,208040,,,,
table_pingpong_half,Пол-стола для пинг-понга,Half a Ping-Pong Table,table,HEAVY_CHEAP,6,,,,,,,,tiny,,,206040,,,,
mattress_stained,Матрас в пятнах,Stained Mattress,mattress,DIRTYABLE|HEAVY_CHEAP,3,,,,1,,0.8,,tiny,,,d8d0c0,,,,
mattress_memory,Матрас с памятью,Memory Foam Mattress,mattress,HEAVY_CHEAP,60,,,,1,,,,household,,,f0f0f8,,,"Помнит всё. Даже то что вы хотели бы забыть.","Remembers everything. Even what you'd rather forget."
mattress_kids,Матрас детский,Kids Mattress,mattress,DIRTYABLE,5,,,,1,,0.3,,tiny,,,a0c0f0,0.6,,,
mattress_money,Матрас «Сбербанк»,Mattress Bank,mattress,SHAKE_OUT|DIRTYABLE|HEAVY_CHEAP,8,,,,1,,0.5,cash_100:0.4:1:3|cash_20:0.7:1:4,tiny,,,e0d8c0,,,"Дед не доверял банкам. Дед был прав.","Grandpa didn't trust banks. Grandpa was right."
pillow_flat,Подушка плоская,Flat Pillow,pillow,DIRTYABLE,1,,,,1,,0.3,,tiny,,,,,,,
pillow_decor,Подушка «Живи-Смейся-Люби»,Live-Laugh-Love Pillow,pillow,,6,,,,1,,,,household,,,f0c0c0,,,,
pillow_grandma,Подушка бабушкина,Grandma's Pillow,pillow,SHAKE_OUT|DIRTYABLE,4,,,,1,,0.4,cash_50:0.35|cash_10:0.6:1:3|letter_love:0.2,tiny,,,f0e8d0,,,,
pillow_whoopee,Подушка-пердушка,Whoopee Cushion,pillow,,3,,,,,,,,tiny,,,e03030,0.5,,,
sofa_leather,Диван кожаный,Leather Sofa,sofa,DIRTYABLE|HEAVY_EXPENSIVE,200,,,,1,,0.2,,household,,,4a2a1a,,,,
sofa_sagging,Диван продавленный,Sagging Sofa,sofa,SHAKE_OUT|DIRTYABLE|HEAVY_CHEAP,15,,,,1,,0.7,cash_1:0.8:1:4|remote_tv:0.5|cash_5:0.3,tiny|household,,,6a5a4a,,,,
sofa_velvet,Диван бархатный фиолетовый,Purple Velvet Sofa,sofa,DIRTYABLE|HEAVY_EXPENSIVE,280,,,,1,,0.3,,antique|household,,,6a2a8a,,,,
wardrobe_antique,Шкаф антикварный,Antique Wardrobe,wardrobe,CONTAINER|DIRTYABLE|HEAVY_EXPENSIVE,700,,,,1,,0.6,suit_pinstripe:0.4|hat_top:0.3|letter_treasure:0.1,antique,,,5a3a20,,,,
wardrobe_ikeya,Шкаф «ИКЕЙЯ» (без дверцы),Doorless IKEYA Wardrobe,wardrobe,CONTAINER|HEAVY_CHEAP,60,,,,1,,,hoodie_grey:0.5|shirt_hawaiian:0.4,household,,,f0f0f0,,,,
wardrobe_narnia,Шкаф «Нарния»,Narnia-ish Wardrobe,wardrobe,CONTAINER|DIRTYABLE|HEAVY_EXPENSIVE,120,,,,1,,0.5,jacket_leather:0.3|costume_santa:0.2,antique|household,,,4a3a2a,,,"Задней стенки нет. Дальше — стена гаража.","No back panel. Beyond it: the garage wall."
fridge_retro,Холодильник ретро,Retro Fridge,fridge,CONTAINER|HEAVY_EXPENSIVE,250,,,,,,,jar_pickles:0.5|whiskey_cheap:0.3,household|antique,,,80c0c0,,,,
fridge_mini,Холодильник мини,Mini Fridge,fridge,CONTAINER,30,,,,,,,water_bottle:0.5:1:2,household|tech,,,e8e8e8,0.5,,,
fridge_smelly,Холодильник с запахом,Smelly Fridge,fridge,CONTAINER|DIRTYABLE|HEAVY_CHEAP,5,,,,,,0.8,jar_pickles:0.7|jar_unknown_stuff:0.5,tiny,,,d8d8c0,,,,
fridge_smart,Холодильник умный,Smart Fridge,fridge,CONTAINER|HEAVY_EXPENSIVE,400,,,,,,,,tech|household,,,303038,,electronics,,
piano_grand,Рояль,Grand Piano,piano,HEAVY_EXPENSIVE|DIRTYABLE,2200,,,,,,0.4,,antique,,,101010,,,,
piano_upright,Пианино «Красный Октябрь»,Red October Upright,piano,HEAVY_EXPENSIVE|DIRTYABLE,400,120,,,,,0.6,,antique|household,,,3a2a1a,0.8,,,
piano_ruined,Пианино убитое,Ruined Piano,piano,HEAVY_CHEAP|DIRTYABLE,60,120,,,,,0.9,,tiny,,,4a3a2a,0.8,,"Играет только «Собачий вальс». Само.","Only plays Chopsticks. By itself."
# ================= PAPER / DOCUMENTS
book_cookbook,Кулинарная книга,Cookbook,book,SHAKE_OUT|DIRTYABLE,3,,,,1,,0.2,cash_20:0.3|letter_love:0.2,tiny,,,c04040,,,,
book_dictionary,Словарь толстый,Fat Dictionary,book,SHAKE_OUT|DIRTYABLE,4,,,,1,,0.4,usb_cat_videos:0.3|cash_5:0.4|letter_debt:0.2,tiny,,,2a3a6a,1.4,,,
book_diary,Дневник чей-то,Somebody's Diary,book,SHAKE_OUT|DOCUMENT,6,,,,1,,,cash_10:0.3|frame_photo_family:0.2,antique|tiny,,,8a4a6a,0.8,,"«Дорогой дневник. Сегодня снова ничего.»","«Dear diary. Today, again, nothing.»"
book_first_edition,Первое издание,First Edition,book,SHAKE_OUT|DOCUMENT|DIRTYABLE,450,,,,1,,0.6,letter_love:0.2,antique,,,3a2a1a,,,,
book_bible_hotel,Библия гостиничная,Hotel Bible,book,SHAKE_OUT,2,,,,1,,,cash_1:0.5|counterfeit_100:0.1,tiny,,,1a1a2a,,,,
book_encyclopedia,Энциклопедия том 7 (Ф-Х),Encyclopedia Vol. 7 (F-H),book,SHAKE_OUT|DIRTYABLE,3,,,,1,,0.5,cash_5:0.3|usb_bent:0.2,tiny,,,6a1a1a,1.3,,,
book_romance,Роман «Пираты страсти»,Pirates of Passion Novel,book,SHAKE_OUT,2,,,,1,,,letter_love:0.4,tiny,,,d04080,0.8,,,
book_hollow,Книга-тайник,Hollow Book,book,CONTAINER|SHAKE_OUT,10,,,,1,,,cash_100:0.4|usb_unmarked:0.2|lockpick_hairpin:0.3,dark|antique,,,4a3a2a,,,,
book_dummies,«Аукционы для чайников»,Auctions for Dummies,book,SHAKE_OUT,3,,,,1,,,cash_1:0.6,tiny,,,f0c040,,,"Глава 1: не покупайте эту книгу.","Chapter 1: don't buy this book."
book_spellbook,Гримуар (муляж),Grimoire (Replica),book,SHAKE_OUT|DOCUMENT|DIRTYABLE,35,,,,1,,0.7,letter_treasure:0.1|cash_5:0.2,antique|dark,,,2a1a2a,1.2,,,
letter_love,Письмо любовное,Love Letter,letter,DOCUMENT,2,,,,1,,,,antique|tiny,,,f0e8d0,,,"«Люблю тебя как Толик пиво». Подписи нет.","«I love you like Tolik loves beer». Unsigned."
letter_debt,Письмо о долге,Debt Letter,letter,DOCUMENT,1,,,,1,,,,tiny,,,f0f0f0,,,"«Ты должен мне $40 и стул». Стула нет.","«You owe me $40 and a chair». No chair here."
letter_aunt,Письмо от тёти,Letter From Aunt,letter,DOCUMENT,1,,,,1,,,,tiny,,,f0e0c0,,,"Три страницы про соседей. Одна про варенье.","Three pages about neighbors. One about jam."
letter_treasure,Карта сокровищ,Treasure Map,letter,DOCUMENT,40,,,,1,,,,antique|dark,,,d0b080,,,"Крестик на месте гаража №4. Это ваш гараж.","X marks garage #4. That's your garage."
letter_ransom,Записка с требованием,Ransom Note,letter,DOCUMENT,5,,,,1,,,,dark,,,f0f0f0,,,"«Верните хомяка. Никаких ментов». Буквы из газет.","«Return the hamster. No cops». Newspaper letters."
letter_to_santa,Письмо Деду Морозу,Letter to Santa,letter,DOCUMENT,1,,,,1,,,,tiny,,,f0f0f8,,,"«Хочу плазму». Отправитель: 43 года.","«I want a plasma TV». Sender: age 43."
document_will,Завещание,Last Will,document,DOCUMENT,100,,,,1,,,,antique|dark,,,f8f8f0,,,"«Всё — коту». Кот не найден.","«Everything to the cat». Cat not located."
document_tax,Налоговая декларация,Tax Return,document,DOCUMENT,1,,,,1,,,,tiny,,,ffffff,,,,
document_diploma,Диплом «Университета»,Diploma From «University»,document,DOCUMENT,5,,,,1,,,,tiny,,,f0e8d0,,,,
document_deed_swamp,Купчая на болото,Deed to a Swamp,document,DOCUMENT,80,,,,1,,,,antique|dark,,,e0d8c0,,,"Полгектара. Влажные. Ваши.","Half a hectare. Wet. Yours."
document_passport_fake,Паспорт на имя Х. Хамстер,Passport: H. Hamster,document,DOCUMENT|ILLEGAL,60,,,,1,1,,,dark,,,6a1a2a,0.5,,,
document_recipe_secret,Рецепт секретный,Secret Recipe,document,DOCUMENT,25,,,,1,,,,antique,,,f0e8d0,,,"11 трав и специй. Десятая — соль. Одиннадцатая тоже.","11 herbs and spices. The tenth is salt. So is the eleventh."
folder_top_secret,Папка «Совершенно секретно»,TOP SECRET Folder,folder,DOCUMENT|ILLEGAL,50,,,,1,1,,,dark,,,c04040,,,"Внутри — меню столовой. Секретное.","Inside: a cafeteria menu. Classified."
folder_tax_2009,Папка «Налоги 2009»,Taxes 2009 Folder,folder,DOCUMENT|SHAKE_OUT,1,,,,1,,,cash_1:0.3,tiny,,,c8a860,,,,
folder_scripts,Папка сценариев,Screenplay Folder,folder,DOCUMENT|SHAKE_OUT,5,,,,1,,,letter_love:0.2,tiny|antique,,,f0f0f0,,,"«Быстрые и Яростные 14: Ещё Быстрее». Черновик.","«Fast & Furious 14: Faster Still». Draft."
folder_blueprints,Чертежи чего-то,Blueprints of Something,folder,DOCUMENT,30,,,,1,,,,tech|dark,,,3060a0,,,,
usb_unmarked,Флешка без подписи,Unmarked USB Stick,usb,ILLEGAL,40,,,,,1,,,dark,,,222222,,electronics,,
usb_cat_videos,Флешка «Коты»,USB: Cat Videos,usb,,3,,,,,,,,tech|tiny,,,f0a040,,electronics,,
usb_crypto,Флешка «Кошелёк НЕ ТРОГАТЬ»,USB: Wallet DO NOT TOUCH,usb,,1600,,,,,,,,tech|dark,,,f0c040,,electronics,"Пароль на стикере. Стикер отклеился.","Password was on a sticker. Sticker fell off."
usb_bent,Флешка погнутая,Bent USB Stick,usb,,1,,,,,,,,tiny,,,888888,,electronics,,
usb_novelty_sushi,Флешка-суши,Sushi USB Stick,usb,,4,,,,,,,,tech,,,f06040,,electronics,,
cd_windows_98,Диск «Виндоус 98»,Windowz 98 CD,cd,,2,,,,,,,,tiny|tech,,,d0d8e0,,electronics,,
cd_mixtape,Диск «Для тебя ♥»,«For You ♥» Mix CD,cd,,3,,,,,,,,tiny,,,f0a0c0,,,,
cd_gold_record,Золотой диск в раме,Framed Gold Record,cd,,200,,,,,,,,antique|tech,,,f0c040,2.5,,,
cd_aol,Диск «AOHL: 1000 часов»,AOHL 1000 Free Hours CD,cd,,1,,,,,,,,tiny,,,4080c0,,electronics,,
cd_pirated,Диск пиратский (12 в 1),Pirated 12-in-1 Disc,cd,ILLEGAL,2,,,,,1,,,dark,,,c0c0c0,,electronics,,
cassette_mixtape,Кассета «Лето 94»,Summer '94 Mixtape,cassette,,4,,,,,,,,tiny|antique,,,333333,,,,
cassette_answering,Кассета автоответчика,Answering Machine Tape,cassette,,6,,,,,,,,tiny|dark,,,222222,,,"37 сообщений от «мама».","37 messages from «Mom»."
cassette_vhs_wedding,VHS «Свадьба Игоря»,VHS: Igor's Wedding,cassette,,2,,,,,,,,tiny,,,222222,2.0,,,
cassette_vhs_cursed,VHS без подписи,Unlabeled VHS,cassette,,25,,,,,,,,dark|antique,,,111111,2.0,,"Смотревшие говорят: «нормально». Через 7 дней.","Viewers say «it's fine». Seven days later."
counterfeit_100,Купюра $100 (Франклин косит),$100 Bill (Cross-Eyed Ben),bill,DOCUMENT|ILLEGAL,15,,,,1,1,,,dark,,,8cbf80,,counterfeit,,
bill_monopoly,Деньги из «Монополии»,Monopolee Money,bill,DOCUMENT,1,,,,1,,,,tiny,,,f0a0a0,,,,
bill_lottery,Лотерейный билет,Lottery Ticket,bill,DOCUMENT,1,,,,1,,,,tiny,,,f0e040,,,"Не стёрт. Не проверен. Не выиграл. Наверное.","Unscratched. Unchecked. Unlucky. Probably."
bill_coupon,Купон просроченный,Expired Coupon,bill,DOCUMENT,1,,,,1,,,,tiny,,,f0f0f0,,,,
bill_iou,Долговая расписка,IOU Note,bill,DOCUMENT,1,,,,1,,,,tiny|dark,,,f0e8d0,,,"«Должен $500. Толик». Толиков много.","«I owe $500. Tolik». There are many Toliks."
bill_stock_1912,Акция 1912 года,1912 Stock Certificate,bill,DOCUMENT,120,,,,1,,,,antique,,,d0c0a0,1.5,,"Компания «Пар и Мечта». Обанкротилась в 1913.","«Steam & Dream Co.» Went bust in 1913."
bill_foreign,Купюра иностранная,Foreign Banknote,bill,DOCUMENT,3,,,,1,,,,tiny|antique,,,c080c0,,,,
# ================= JEWELRY / VALUABLES
coin_jar_pennies,Банка мелочи,Jar of Pennies,coin_jar,CONTAINER,16,,,,,,,cash_1:0.9:2:5,tiny,,,d8e8f0,,,,
coin_jar_foreign,Банка иностранной мелочи,Jar of Foreign Coins,coin_jar,CONTAINER,8,,,,,,,bill_foreign:0.5|cash_1:0.4,tiny|antique,,,d8e8f0,,,,
coin_jar_gold,Банка золотых монет,Jar of Gold Coins,coin_jar,CONTAINER,600,,,,,,,cash_100:0.6:1:3|ring_wedding:0.2,antique|dark,,20,f0d060,,gem,,
ring_plastic,Кольцо из автомата,Vending Machine Ring,ring,,1,,,,,,,,tiny,,,f060a0,,gem,,
ring_wedding,Кольцо обручальное,Wedding Ring,ring,,200,,,,,,,,antique|dark,,,f0d060,,gem,,
ring_diamond,Кольцо с «бриллиантом»,«Diamond» Ring,ring,,1200,,,,,,,,antique|dark,,,f0f0ff,,gem,"Либо бриллиант, либо очень уверенное стекло.","Either a diamond or very confident glass."
ring_mood,Кольцо настроения,Mood Ring,ring,,2,,,,,,,,tiny,,,40a0a0,,gem,,
ring_class,Кольцо выпускника,Class Ring,ring,,30,,,,,,,,antique,,,c0a040,,gem,,
ring_onion,Кольцо луковое (окаменело),Petrified Onion Ring,ring,,1,,,,,,,,tiny,,,d0a040,1.5,,,
watch_rolecks_fake,Часы «Ролеккс»,Rolecks Watch,watch,,18,,,,,,,,tiny|dark,,,f0d060,,fake,"Тикают. Иногда назад.","It ticks. Sometimes backwards."
watch_rolecks_real,Часы «Ролекс» настоящие,Genuine Rolecks,watch,,2800,,,,,,,,antique|dark,,,f0d060,,gem,,
watch_kasio,Часы «Касио»,Kasio Watch,watch,,10,,,,,,,,tech|tiny,,,333333,,electronics,,
watch_pocket,Часы карманные дедовы,Grandpa's Pocket Watch,watch,DIRTYABLE,120,,,,,,0.5,,antique,,,c0a040,1.3,,,
watch_smart_dead,Смарт-часы разряженные,Dead Smartwatch,watch,,20,,,,,,,,tech,,,222222,,electronics,,
watch_hot,Часы «с руки»,Hot Watch,watch,ILLEGAL,300,,,,,1,,,dark,,,d0d0d8,,,"Гравировка: «Любимому Сержу». Вы не Серж.","Engraved: «To my dear Serge». You're not Serge."
necklace_pearl,Жемчуг натуральный,Real Pearl Necklace,necklace,,350,,,,,,,,antique,,,f8f8f0,,gem,,
necklace_pearl_fake,Жемчуг пластиковый,Plastic Pearl Necklace,necklace,,8,,,,,,,,tiny,,,f0f0f0,,,,
necklace_gold_chain,Цепь золотая,Gold Chain,necklace,,250,,,,,,,,dark|antique,,,f0d060,,gem,,
necklace_macaroni,Бусы из макарон,Macaroni Necklace,necklace,,1,,,,1,,,,tiny,,,e0c060,,,"Сделано с любовью. И клеем ПВА.","Made with love. And school glue."
necklace_shark_tooth,Зуб акулы на шнурке,Shark Tooth Necklace,necklace,,16,,,,,,,,tiny,,,6a5a40,,,,
necklace_hot,Колье «с шеи»,Hot Necklace,necklace,ILLEGAL,200,,,,,1,,,dark,,,f0f0ff,,gem,,
jewelry_box_velvet,Шкатулка бархатная,Velvet Jewelry Box,jewelry_box,CONTAINER|LOCKED,30,,,,,,,ring_class:0.4|necklace_pearl_fake:0.4|ring_wedding:0.15,antique,,,7a2040,,,,
jewelry_box_kids,Шкатулка детская,Kids Jewelry Box,jewelry_box,CONTAINER,5,,,,,,,ring_plastic:0.7|ring_mood:0.4,tiny,,,f0a0c0,,,,
jewelry_box_music,Шкатулка музыкальная,Music Box,jewelry_box,CONTAINER|FRAGILE|DIRTYABLE,45,,,,,,0.3,ring_class:0.3|necklace_shark_tooth:0.2,antique,,,d0b060,,,"Играет одну ноту. Ту самую.","Plays a single note. THE note."
jewelry_box_empty,Шкатулка пустая (с секретом),Jewelry Box With Secret,jewelry_box,CONTAINER,12,,,,,,,letter_treasure:0.15|cash_50:0.2,antique|tiny,,,3a2a1a,,,,
trophy_bowling,Кубок по боулингу 1998,1998 Bowling Trophy,trophy,,8,,,,,,,,tiny,,,f0c040,,,,
trophy_participation,Кубок «За участие»,Participation Trophy,trophy,,1,,,,,,,,tiny,,,c0c0c0,0.8,,,
trophy_gold,Кубок золотой,Gold Cup Trophy,trophy,,150,,,,,,,,antique,,,f0d060,1.3,,,
trophy_oscar_fake,«Оскар» (пластик),Plastic Oskar,trophy,,20,,,,,,,,tiny|antique,,,f0c040,,,,
gold_bar,Слиток золота,Gold Bar,brick,HEAVY_EXPENSIVE,4000,12,,,,,,,dark|antique,,,f0d060,,gem,,
gold_bar_painted,Кирпич покрашенный,Painted Brick,brick,,2,,,,,,,,tiny,,,e0c040,,,"Золото ли? Нет. Красиво ли? Тоже нет.","Is it gold? No. Is it pretty? Also no."
# ================= DECOR / STATUES
statue_gnome,Гном садовый,Garden Gnome,statue,FRAGILE,6,,,,,,,,tiny|household,,,e03030,0.5,,,
statue_david,Давид (маленький),Little David,statue,FRAGILE|DIRTYABLE,18,,,,,,0.3,,antique,,,f0f0e8,0.6,,,
statue_bronze,Статуя бронзовая,Bronze Statue,statue,HEAVY_EXPENSIVE|DIRTYABLE,400,40,,,,,0.5,,antique,,,6a5a30,,,,
statue_flamingo,Фламинго пластиковый,Plastic Flamingo,statue,,3,,,,,,,,tiny,,,f060a0,,,,
statue_angel,Ангел с одним крылом,One-Winged Angel,statue,FRAGILE|DIRTYABLE,25,,,,,,0.6,,antique,,,e8e8e0,,,,
bust_beethoven,Бюст Бетховена,Beethoven Bust,bust,FRAGILE|DIRTYABLE,25,,,,,,0.4,,antique,,,e8e8e0,,,,
bust_unknown,Бюст какого-то дяди,Bust of Some Guy,bust,FRAGILE|DIRTYABLE,10,,,,,,0.5,,antique|tiny,,,d8d8d0,,,,
bust_marble,Бюст мраморный римский,Roman Marble Bust,bust,FRAGILE|DIRTYABLE|HEAVY_EXPENSIVE,800,,,,,,0.7,,antique,,4.0,f0f0e8,,,,
bust_self,Автопортрет из гипса,Plaster Self-Portrait,bust,FRAGILE,2,,,,,,,,tiny,,,f0e0d0,,,"Уши разные. Художник настаивает: так и было.","Ears don't match. Artist insists they didn't."
globe_bar,Глобус-бар,Globe Bar,globe,CONTAINER|DIRTYABLE,60,,,,,,0.3,glass_shot_set:0.5|cash_20:0.3,antique|household,,,6a4a2a,1.4,,,
globe_school,Глобус школьный,School Globe,globe,,10,,,,,,,,tiny,,,3070c0,,,,
globe_wrong,Глобус с ошибками,Wrong Globe,globe,,30,,,,,,,,antique,,,3070c0,,,"Австралия дважды. Гренландия — нет.","Australia twice. No Greenland."
skull_plastic,Череп пластиковый,Plastic Skull,skull,,4,,,,,,,,tiny|dark,,,f0ece0,,,,
skull_crystal,Череп хрустальный,Crystal Skull,skull,FRAGILE,120,,,,,,,,antique|dark,,,e0f0ff,,gem,,
skull_cow,Череп коровий,Cow Skull,skull,DIRTYABLE,25,,,,,,0.5,,antique,,,e8e0d0,1.5,,,
skull_anatomy,Череп учебный,Anatomy Model Skull,skull,,40,,,,,,,,tech|antique,,,f0e8d8,,,,
plant_pot_cactus,Кактус в горшке,Potted Cactus,plant_pot,FRAGILE,5,,,,,,,,tiny|household,,,40a040,,,,
plant_pot_dead,Растение мёртвое,Dead Plant,plant_pot,FRAGILE|DIRTYABLE,1,,,,1,,0.5,,tiny,,,6a5a30,,,,
plant_pot_bonsai,Бонсай 60 лет,60-Year-Old Bonsai,plant_pot,FRAGILE,150,,,,,,,,antique|household,,,308030,0.8,,,
plant_pot_plastic,Фикус пластиковый,Plastic Ficus,plant_pot,,2,,,,1,,,,tiny,,,40c040,1.2,,,
candle_scented,Свеча ароматическая,Scented Candle,candle,,3,,,,1,,,,tiny|household,,,f0c0d0,,,,
candle_church,Свеча церковная,Church Candle,candle,,2,,,,1,,,,tiny,,,f0e8c0,1.5,,,
candle_black,Свеча чёрная ритуальная,Black Ritual Candle,candle,,8,,,,1,,,,dark,,,111111,,,,
candle_stub,Огарок,Candle Stub,candle,,1,,,,1,,,,tiny,,,f0e8d0,0.4,,,
# ================= LIQUIDS
whiskey_cheap,Виски «Дядя Джек»,Uncle Jack Whiskey,bottle,FRAGILE|LIQUID,8,,whiskey,1,1,,,,tiny|household,,,3a2010,,,,
whiskey_single_malt,Виски односолодовый,Single Malt Whiskey,bottle,FRAGILE|LIQUID,60,,whiskey,1,1,,,,antique|household,,,4a2a10,,,,
whiskey_50yo,Виски 50 лет,50-Year-Old Whiskey,bottle,FRAGILE|LIQUID|DIRTYABLE,1800,,whiskey,1,1,,0.6,,antique,,3.5,2a1808,,,"Старше вашего отца. Вкуснее тоже.","Older than your dad. Tastes better too."
cognac_armenian,Коньяк «Арарарат»,Ararararat Cognac,bottle,FRAGILE|LIQUID,35,,whiskey,1,1,,,,antique|household,,,5a2a10,,,,
cognac_fake,Коньяк «из ларька»,Kiosk Cognac,bottle,FRAGILE|LIQUID,5,,whiskey,1,1,,,,tiny,,,6a4a20,,,,
whiskey_half,Виски недопитый,Half-Drunk Whiskey,bottle,FRAGILE|LIQUID,12,,whiskey,0.5,1,,,,tiny,,,3a2010,,,,
wine_boxed,Вино в коробке,Boxed Wine,box_small,LIQUID,4,,whiskey,1,1,,,,tiny,,,801040,,,,
champagne_fake,«Шампанское» полусладкое,Semi-Sweet «Champagne»,bottle,FRAGILE|LIQUID,6,,whiskey,1,1,,,,tiny,,,204020,1.1,,,
vodka_standartnaya,Водка «Стандартнейшая»,Standardest Vodka,bottle,FRAGILE|LIQUID,10,,whiskey,1,1,,,,tiny|dark,,,d0e0f0,,,,
moonshine_jar,Самогон в банке,Moonshine Jar,jar,FRAGILE|LIQUID,6,,whiskey,1,1,,,,dark|tiny,,,e0e8f0,1.5,,,
paint_red,Краска красная,Red Paint,can_paint,LIQUID,6,,paint,1,,,,,tiny|household,,,e02020,,,,
paint_blue,Краска синяя,Blue Paint,can_paint,LIQUID,6,,paint,1,,,,,tiny|household,,,2040e0,,,,
paint_pink,Краска розовая,Pink Paint,can_paint,LIQUID,5,,paint,1,,,,,tiny|household,,,f040a0,,,,
paint_green,Краска зелёная,Green Paint,can_paint,LIQUID,6,,paint,1,,,,,tiny|household,,,20c040,,,,
paint_gold,Краска «золото»,Gold Paint,can_paint,LIQUID,9,,paint,1,,,,,household|dark,,,f0c020,,,,
paint_half_dried,Краска засохшая наполовину,Half-Dried Paint,can_paint,LIQUID,2,,paint,0.3,,,,,tiny,,,a0a0a0,,,,
paint_bucket_white,Ведро белой краски,Bucket of White Paint,bucket,LIQUID,12,,paint,1,,,,,household,,,f0f0f0,,,,
oil_jug_engine,Масло моторное,Engine Oil Jug,jug,LIQUID,6,,oil,1,1,,,,tiny|tech,,,202030,,,,
oil_olive,Масло оливковое,Olive Oil,bottle,FRAGILE|LIQUID,5,,oil,1,1,,,,household,,,809020,,,,
oil_barrel,Бочка с маслом,Oil Barrel,barrel,LIQUID|HEAVY_CHEAP,40,,oil,1,1,,,,tiny|tech,,,202020,,,,
oil_lamp_kerosene,Керосин для лампы,Lamp Kerosene,jug,LIQUID,4,,oil,0.7,1,,,,antique|tiny,,,c0a040,0.7,,,
gasoline_canister,Канистра бензина,Gasoline Canister,canister,LIQUID,8,,gasoline,1,1,,,,tiny|dark,,,c02020,,,,
gasoline_canister_empty,Канистра почти пустая,Nearly Empty Canister,canister,LIQUID,2,,gasoline,0.08,1,,,,tiny,,,a02020,,,,
canister_army_water,Канистра армейская (вода),Army Water Canister,canister,LIQUID,6,,water,1,,,,,tiny|household,,,4a5a30,,,,
glue_super,Клей «Супер-Момент»,Super-Moment Glue,jar,LIQUID,2,,glue,1,,,,,tiny,,,f0f0e0,0.5,,,
glue_bucket,Ведро клея,Bucket of Glue,bucket,LIQUID,6,,glue,1,,,,,household,,,f0f0e0,,,,
glue_jar_wallpaper,Клей обойный,Wallpaper Paste,jar,LIQUID,3,,glue,1,,,,,household,,,e8e8d8,1.3,,,
water_bottle,Бутылка воды,Water Bottle,bottle,LIQUID,1,,water,1,,,,,tiny,,,c0e0f0,,,,
water_jug,Кувшин с водой,Water Jug,jug,FRAGILE|LIQUID,2,,water,1,,,,,tiny,,,d0e8f0,,,,
water_barrel_rain,Бочка дождевой воды,Rain Barrel,barrel,LIQUID|HEAVY_CHEAP,15,,water,0.8,,,,,household,,,3a5a3a,,,,
water_holy,Вода святая (по этикетке),Holy Water (Per Label),bottle,FRAGILE|LIQUID,7,,water,1,,,,,antique|tiny,,,e0f0ff,0.7,,,
perfume_channel,Парфюм «Шанель №6»,Chanelle No. 6,perfume,FRAGILE,40,,,,,,,,antique|household,,,e0c0d0,,,,
perfume_cheap,Одеколон «Тройной»,Triple Cologne,perfume,FRAGILE,3,,,,1,,,,tiny,,,80c0e0,,,,
perfume_vintage,Парфюм винтажный,Vintage Perfume,perfume,FRAGILE|DIRTYABLE,120,,,,,,0.4,,antique,,,d0b060,,,,
perfume_dad,Одеколон «Мужик»,«Real Man» Cologne,perfume,FRAGILE,5,,,,1,,,,tiny,,,203040,,,,
# ================= CONTAINERS
suitcase_leather,Чемодан кожаный (замок),Locked Leather Suitcase,suitcase,CONTAINER|LOCKED|DIRTYABLE,45,,,,,,0.4,book_cookbook:0.5|cash_50:0.3|letter_love:0.4|shirt_hawaiian:0.3,antique|household,,,6b4a2f,,,,
suitcase_plastic,Чемодан пластиковый,Plastic Suitcase,suitcase,CONTAINER,10,,,,,,,tshirt_band:0.5|sock_single:0.5:1:2,household|tiny,,,e03030,,,,
suitcase_spy,Чемодан «шпионский»,Spy Briefcase,suitcase,CONTAINER|LOCKED|ILLEGAL,90,,,,,1,,usb_unmarked:0.5|counterfeit_100:0.4:1:3|document_passport_fake:0.3|phone_burner:0.3,dark,,,222222,0.8,,,
suitcase_kids,Чемоданчик детский,Kids Suitcase,suitcase,CONTAINER,5,,,,,,,toy_car_hotwheelz:0.6:1:2|doll_barbee:0.3|book_romance:0.1,tiny,,,f0a0c0,0.6,,,
suitcase_doctor,Саквояж докторский,Doctor's Bag,suitcase,CONTAINER|LOCKED|DIRTYABLE,70,,,,,,0.5,glass_shot_set:0.3|knife_butter:0.3|whiskey_half:0.4,antique|dark,,,3a2a1a,0.7,,,
chest_pirate,Сундук «пиратский»,Pirate Chest,chest,CONTAINER|LOCKED|DIRTYABLE,150,,,,,,0.6,coin_jar_foreign:0.4|necklace_pearl_fake:0.5|cash_100:0.2|letter_treasure:0.15,antique|dark,,,5a3a20,,,,
chest_grandma,Сундук бабушкин,Grandma's Chest,chest,CONTAINER|DIRTYABLE,75,,,,,,0.7,letter_love:0.6:1:3|frame_photo_wedding:0.4|rag_silk:0.3,antique|household,,,7a5a3a,,,,
chest_toy,Сундук с игрушками,Toy Chest,chest,CONTAINER,18,,,,,,,toy_bear_one_eye:0.6|ball_beach:0.4|toy_car_hotwheelz:0.5,tiny|household,,,40a0e0,,,,
chest_military,Ящик армейский,Military Footlocker,chest,CONTAINER|LOCKED,60,,,,,,,gun_gag_cap:0.3|canister_army_water:0.3|folder_top_secret:0.2,dark,,,4a5a30,,,,
box_moving,Коробка «ХРУПКОЕ»,«FRAGILE» Moving Box,box,CONTAINER,2,,,,1,,,plate_ikeya:0.5|cup_okayest:0.5|vase_ikeya:0.3,tiny,,,b08a5a,,,"Написано «Хрупкое». Внутри — тоже.","Says FRAGILE. Contents agree."
box_amazoom,Коробка «Амазум»,Amazoom Box,box,CONTAINER,3,,,,1,,,remote_universal:0.3|usb_novelty_sushi:0.3|cash_5:0.2,tiny,,,c9a97a,,,,
box_mystery,Коробка «НЕ ОТКРЫВАТЬ»,«DO NOT OPEN» Box,box,CONTAINER,6,,,,1,,,mouse_live:0.4|jar_unknown_stuff:0.3|cash_20:0.3,tiny|dark,,,8a6a40,,,,
box_fireworks,Коробка с фейерверками,Box of Fireworks,box,CONTAINER|ILLEGAL,20,,,,1,1,,,dark,,,e03030,,,,
box_small_shoes,Коробка из-под обуви,Shoebox,box_small,CONTAINER,1,,,,1,,,cassette_mixtape:0.3|letter_love:0.4|cash_10:0.3,tiny,,,d8c8a8,,,,
box_small_mystery,Коробочка со звуком,Rattling Small Box,box_small,CONTAINER|SHAKE_OUT,5,,,,1,,,ring_mood:0.4|nail_box_rusty:0.3|mouse_live:0.1,tiny,,,9a7a50,,,,
box_small_cigar,Коробка сигарная (пустая),Empty Cigar Box,box_small,CONTAINER,8,,,,1,,,cash_20:0.4|letter_debt:0.3|lockpick_hairpin:0.2,antique|dark,,,6a4a2a,,,,
crate_wooden,Ящик деревянный,Wooden Crate,crate,CONTAINER,8,,,,1,,,whiskey_cheap:0.5:1:2|vodka_standartnaya:0.3,tiny|household,,,a07a48,,,,
crate_military,Ящик «ВЗРЫВООПАСНО»,«EXPLOSIVE» Crate,crate,CONTAINER|LOCKED,60,,,,1,,,gun_gag_cap:0.4|tool_matches:0.4|canister_army_water:0.4,dark,,,4a5a30,,,,
crate_fruit,Ящик фруктовый,Fruit Crate,crate,CONTAINER|DIRTYABLE,2,,,,1,,0.4,ball_beach:0.2,tiny,,,c0a060,0.7,,,
crate_wine,Ящик винный,Wine Crate,crate,CONTAINER,40,,,,1,,,whiskey_single_malt:0.4|champagne_fake:0.5|cognac_armenian:0.3,antique|household,,,8a6a40,,,,
barrel_wine,Бочка винная,Wine Barrel,barrel,LIQUID|HEAVY_CHEAP,80,,whiskey,1,1,,,,antique|household,,,6a4a2a,,,,
barrel_rusty,Бочка ржавая,Rusty Barrel,barrel,DIRTYABLE|HEAVY_CHEAP,5,,,,,,0.9,,tiny,,,6a3a2a,,,,
bag_work,Сумка рабочая,Work Bag,hero_bag,CONTAINER,15,,,,1,,,,tiny|household,,,,,,,
bag_gym,Сумка спортивная,Gym Bag,bag,CONTAINER|DIRTYABLE,4,,,,1,,0.3,cassette_mixtape:0.3|cash_5:0.5|tape_scotch:0.2,tiny,,,222222,,,,
bag_ladies_leopard,Сумка леопардовая,Leopard Handbag,bag,CONTAINER,25,,,,1,,,phone_flip:0.5|cash_20:0.5:1:2|perfume_cheap:0.4|tool_lighter:0.3,household|tiny,,,c0a040,0.8,,,
bag_tote,Авоська «Спасём планету»,«Save the Planet» Tote,bag,CONTAINER,1,,,,1,,,cash_1:0.5|bill_coupon:0.5,tiny,,,c0d0a0,,,,
backpack_school,Рюкзак школьный,School Backpack,backpack,CONTAINER|DIRTYABLE,6,,,,1,,0.3,cassette_mixtape:0.3|cash_5:0.4|usb_cat_videos:0.3,tiny,,,3050a0,,,,
backpack_hiking,Рюкзак туристический,Hiking Backpack,backpack,CONTAINER,30,,,,1,,,flashlight_dead:0.4|cash_20:0.3|lighter_zipppo:0.2,household|tiny,,,40803a,1.2,,,
backpack_suspicious,Рюкзак подозрительный,Suspicious Backpack,backpack,CONTAINER|ILLEGAL,35,,,,1,1,,counterfeit_100:0.5:1:4|usb_unmarked:0.3|phone_burner:0.4,dark,,,222222,,,,
toolbox_red,Ящик с инструментами,Red Toolbox,toolbox,CONTAINER,25,,,,,,,hammer_rusty:0.6|wrench_adjustable:0.6|tool_nails:0.5,household|tiny,,,c03020,,,,
toolbox_empty,Ящик инструментов пустой,Empty Toolbox,toolbox,CONTAINER,5,,,,,,,tape_scotch:0.3,tiny,,,4a4a4a,,,,
toolbox_grandpa,Ящик дедов (тайник),Grandpa's Toolbox,toolbox,CONTAINER|DIRTYABLE,40,,,,,,0.6,wrench_monkey:0.5|cash_50:0.4|whiskey_half:0.3|lighter_zipppo:0.2,household|antique,,,6a4a2a,,,,
bird_cage_empty,Клетка птичья пустая,Empty Bird Cage,bird_cage,CONTAINER,10,,,,,,,,household|tiny,,,d0b040,,,,
bird_cage_parrot,Попугай Кеша,Parrot Kesha,bird_cage,ALIVE,120,,,,,,,,antique|dark,,,40c040,,,"Знает 40 слов. 38 — плохие.","Knows 40 words. 38 are bad."
bird_cage_antique,Клетка викторианская,Victorian Bird Cage,bird_cage,CONTAINER|DIRTYABLE,80,,,,,,0.5,,antique,,,c0a040,1.2,,,
fish_bowl_goldie,Рыбка Голди,Goldie the Fish,fish_bowl,ALIVE|FRAGILE|LIQUID,5,,water,1,,,,,tiny,,,f0a020,,,,
fish_bowl_empty,Аквариум пустой,Empty Fish Bowl,fish_bowl,FRAGILE,2,,,,,,,,tiny,,,a0c0e0,,,,
fish_bowl_piranha,Пиранья Зубастик,Piranha Chompy,fish_bowl,ALIVE|FRAGILE|LIQUID,40,,water,1,,,,,dark,,,606060,,,,
safe_old,Сейф старый,Old Safe,hero_safe,CONTAINER|LOCKED|HEAVY_EXPENSIVE,300,,,,,,,cash_500:0.5:1:2|gold_bar:0.15|cash_100:0.7:1:3|ring_diamond:0.1,dark|antique,,80,,,,,
safe_hotel,Сейф гостиничный,Hotel Safe,safe,CONTAINER|LOCKED|HEAVY_CHEAP,60,25,,,,,,cash_20:0.6:1:3|watch_rolecks_fake:0.3|document_passport_fake:0.1,dark|household,,,8a8a90,0.6,,,
safe_toy,Сейф-копилка,Toy Safe Bank,safe,CONTAINER|LOCKED,8,1.5,,,,,,cash_1:0.8:1:4|cash_5:0.3,tiny,,20,f04080,0.35,,,
safe_empty_open,Сейф вскрытый,Cracked-Open Safe,safe,CONTAINER|HEAVY_CHEAP,40,,,,,,,letter_debt:0.5,tiny|dark,,,3a3f45,,,"Кто-то уже был здесь. Оставил записку.","Someone got here first. Left a note."
jar_pickles,Банка огурцов,Jar of Pickles,jar,FRAGILE|LIQUID,2,,water,1,,,,,tiny,,,60a040,1.3,,,
jar_unknown_stuff,Банка с непонятным,Jar of Something,jar,FRAGILE,1,,,,,,,,tiny,,,6a6a40,,,"Дата: 1996. Содержимое: да.","Date: 1996. Contents: yes."
jar_powder_suspicious,Банка «Сода» (белый порошок),Jar of «Baking Soda»,jar,ILLEGAL,30,,,,,1,,,dark,,,f0f0f0,,,"Сода. Честно. Просто в банке без этикетки. Ну.","Baking soda. Honest. Just unlabeled. Well."
jar_elvis_tooth,Зуб Элвиса (в банке),Elvis's Tooth (In a Jar),jar,FRAGILE,300,,,,,,,,antique|dark,,,e0f0f0,0.6,,"Сертификат прилагается. Написан от руки.","Certificate included. Handwritten."
jar_ashes,Банка «Дед»,Jar Labeled «Grandpa»,jar,FRAGILE|CONTAINER,5,,,,,,,ring_wedding:0.1,antique,,,808080,,,,
jar_fireflies,Банка со светлячками,Jar of Fireflies,jar,ALIVE|FRAGILE,3,,,,,,,,tiny,,,f0f0a0,,,,
jar_buttons,Банка пуговиц,Jar of Buttons,jar,FRAGILE,1,,,,,,,,tiny,,,c8d8e0,,,,
# ================= ANIMALS
hamster_boris,Хомяк Борис,Boris the Hamster,hero_hamster,ALIVE,20,,,,,,,,tiny|household,,,,,hamster,"Борис видел вещи. Борис молчит.","Boris has seen things. Boris says nothing."
hamster_cage_empty,Клетка хомячья пустая,Empty Hamster Cage,hamster_cage,CONTAINER,6,,,,,,,,tiny|household,,,8090a0,,,,
hamster_cage_deluxe,Хомяк Валера (люкс),Valera the Hamster (Deluxe),hamster_cage,ALIVE,35,,,,,,,,household|tiny,,,f0c040,1.2,hamster,,
hamster_cage_rat,Крыса Геральд,Gerald the Rat,hamster_cage,ALIVE,12,,,,,,,,dark|tiny,,,606060,,hamster,,
mouse_live,Мышь живая,Live Mouse,mouse,ALIVE,1,,,,,,,,tiny,,,888888,,mouse,,
mouse_white,Мышь лабораторная,Lab Mouse,mouse,ALIVE,3,,,,,,,,tech|tiny,,,f0f0f0,,mouse,,
mouse_plush,Мышь плюшевая,Plush Mouse,mouse,,2,,,,1,,,,tiny,,,c0a0c0,1.5,,,
mouse_computer,Мышь компьютерная,Computer Mouse,mouse,,3,,,,,,,,tech,,,333333,1.3,electronics,"Хвост есть. Не пищит. Кликает.","Has a tail. Doesn't squeak. Clicks."
# ================= CLOTHES
hoodie_grey,Худи серое,Grey Hoodie,cloth,WEARABLE,4,,,,1,,,,tiny,body,,808080,,no_pockets,,
shirt_hawaiian,Рубашка гавайская,Hawaiian Shirt,cloth,WEARABLE,6,,,,1,,,,tiny,body,,f08040,,no_pockets,,
suit_pinstripe,Костюм в полоску,Pinstripe Suit,cloth,WEARABLE|DIRTYABLE,60,,,,1,,0.2,,antique|dark,body,,2a2a3a,,no_pockets,,
suit_polyester,Костюм полиэстер 1979,1979 Polyester Suit,cloth,WEARABLE,8,,,,1,,,,tiny,body,,8a6a30,,no_pockets,,
dress_prom,Платье выпускное,Prom Dress,cloth,WEARABLE,18,,,,1,,,,tiny|household,body,,f060a0,,no_pockets,,
jacket_leather,Косуха,Leather Jacket,cloth,WEARABLE,45,,,,1,,,,dark|household,body,,1a1a1a,,no_pockets,,
tshirt_band,Футболка «Металликка»,Metalicca T-Shirt,cloth,WEARABLE,5,,,,1,,,,tiny,body,,202020,,no_pockets,,
tshirt_ironic,Футболка «Я с дураком»,«I'm With Stupid» Tee,cloth,WEARABLE,2,,,,1,,,,tiny,body,,f0f0f0,,no_pockets,,
sock_single,Носок одинокий,Single Sock,rag,DIRTYABLE,1,,,,1,,0.3,,tiny,,,c0c0c0,0.7,,"Второй носок ищут с 2011 года.","The other sock has been missing since 2011."
jeans_ripped,Джинсы рваные (дизайн),Ripped Jeans (Designer),cloth,WEARABLE,6,,,,1,,,,tiny,body,,4060a0,,no_pockets,,
bathrobe,Халат «Отель Ритц»,«Ritzz Hotel» Bathrobe,cloth,WEARABLE,10,,,,1,,,,household,body,,f8f8f8,,no_pockets,,
fur_coat,Шуба (искусственная?),Fur Coat (Faux?),cloth,WEARABLE|DIRTYABLE,180,,,,1,,0.3,,antique|dark,body,,6a4a3a,1.3,no_pockets,,
costume_clown,Костюм клоуна,Clown Costume,hero_costume_clown,WEARABLE,25,,,,1,,,,tiny|dark,body,,,,clown|no_pockets,"Прошлый владелец ушёл в цирк. Или из.","Previous owner joined the circus. Or left it."
costume_unicorn,Костюм единорога,Unicorn Costume,hero_costume_unicorn,WEARABLE,30,,,,1,,,,tiny|household,body,,,,unicorn|no_pockets,,
costume_dino,Костюм динозавра,Dinosaur Costume,costume,WEARABLE,20,,,,1,,,,tiny,body,,40a040,,no_pockets,,
costume_santa,Костюм Деда Мороза,Santa Costume,costume,WEARABLE|DIRTYABLE,12,,,,1,,0.2,,tiny|household,body,,e02020,,no_pockets,,
costume_hotdog,Костюм хот-дога,Hot Dog Costume,costume,WEARABLE,18,,,,1,,,,tiny,body,,e0a040,,no_pockets,,
hat_top,Цилиндр,Top Hat,hat,,25,,,,1,,,,antique,,,111111,,,,
hat_cowboy,Шляпа ковбойская,Cowboy Hat,hat,,18,,,,1,,,,tiny|household,,,8a6a40,,,,
hat_trucker,Кепка дальнобойщика,Trucker Cap,hat,DIRTYABLE,2,,,,1,,0.4,,tiny,,,e03030,0.8,,,
hat_fedora,Федора,Fedora,hat,,8,,,,1,,,,tiny,,,4a4a4a,,,,
hat_tinfoil,Шапочка из фольги,Tinfoil Hat,hat,,1,,,,,,,,tiny|tech,,,d0d0d8,0.8,,"Защищает от 5G, 4G и здравого смысла.","Blocks 5G, 4G, and common sense."
shoe_sneaker_rare,Кроссовок редкий (один),Rare Sneaker (Just One),shoe,,350,,,,1,,,,tech|dark,,,f0f0f0,,,"Второго нет. Коллекционеры плачут.","No pair. Collectors weep."
shoe_sneaker_single,Кроссовок левый,Left Sneaker,shoe,DIRTYABLE,2,,,,1,,0.5,,tiny,,,808080,,,,
shoe_boots_cowboy,Сапоги ковбойские,Cowboy Boots,shoe,,40,,,,1,,,,household|antique,,,6a4a2a,1.3,,,
shoe_clown,Ботинки клоуна,Clown Shoes,shoe,,12,,,,1,,,,tiny,,,e02020,1.8,clown,,
shoe_glass_slipper,Туфелька хрустальная,Glass Slipper,shoe,FRAGILE,30,,,,,,,,antique,,4.0,e0f0ff,0.8,,,
shoe_platform,Платформы 70-х,'70s Platform Shoes,shoe,,18,,,,1,,,,antique|tiny,,,f0a040,1.2,,,
mannequin_creepy,Манекен жуткий,Creepy Mannequin,mannequin,,30,,,,,,,,dark|household,,,f0e8e0,,,"Ночью поворачивает голову. Возможно.","Turns its head at night. Possibly."
mannequin_headless,Манекен без головы,Headless Mannequin,mannequin,,12,,,,,,,,household,,,e0e0e0,,,,
mannequin_designer,Манекен дизайнерский,Designer Mannequin,mannequin,,90,,,,,,,,household|tech,,,222222,,,,
# ================= WEAPONS / HAND TOOLS
gun_gag,Пистолет-гаг «БАХ»,«BANG» Gag Gun,hero_gag_gun,WEAPON,15,,,,,,,,dark|tiny,,,,,gag_gun,"Стреляет флажком. В 1 случае из 12 — нет.","Shoots a flag. Except 1 time in 12."
gun_gag_water,Пистолет водяной,Water Pistol,gun_gag,LIQUID,3,,water,1,,,,,tiny,,,40c0f0,,,,
gun_gag_cap,Пистолет пистонный,Cap Gun,gun_gag,WEAPON,5,,,,,,,,tiny|dark,,,c0c0c8,,gag_gun,,
gun_gag_nerf,Бластер «Нёрф»,Nurf Blaster,gun_gag,,8,,,,,,,,tiny,,,f08020,1.5,,,
knife_kitchen,Нож кухонный,Kitchen Knife,knife,WEAPON,4,,,,,,,,household|dark,,,cccccc,,,,
knife_butter,Нож для масла,Butter Knife,knife,,1,,,,,,,,tiny,,,d0d0d8,0.7,,,
knife_swiss,Нож швейцарский,Swiss Army Knife,knife,,16,,,,,,,,tiny|household,,,e02020,0.6,,,
knife_rambo,Нож «Рэмбо» (сувенир),Souvenir Rambo Knife,knife,WEAPON,20,,,,,,,,dark,,,333333,1.4,,,
bat_baseball,Бита бейсбольная,Baseball Bat,bat,WEAPON,10,,,,1,,,,dark|tiny,,,c0a060,,,,
bat_signed,Бита с автографом,Signed Baseball Bat,bat,WEAPON,400,,,,1,,,,antique|dark,,,d0b070,,,"Подпись: «Бейб». Какой — неясно.","Signed «Babe». Which one, unclear."
bat_cricket,Бита для крикета,Cricket Bat,bat,WEAPON,18,,,,1,,,,tiny,,,e0d0a0,,,,
sword_katana_fake,Катана с рынка,Market Katana,sword,WEAPON,35,,,,,,,,dark|tiny,,,cccccc,,,,
sword_katana_real,Катана настоящая,Real Katana,sword,WEAPON|ILLEGAL,900,,,,,1,,,dark|antique,,,e0e0e8,,,,
sword_medieval,Меч рыцарский (реплика),Knight's Sword (Replica),sword,WEAPON|DIRTYABLE,80,,,,,,0.4,,antique,,,c0c0c8,1.2,,,
sword_foam,Меч поролоновый,Foam Sword,sword,,2,,,,1,,,,tiny,,,40c040,,,,
hammer_rusty,Молоток ржавый,Rusty Hammer,hammer,,3,,,,,,,,tiny,,,6a5a40,,,,
hammer_sledge,Кувалда,Sledgehammer,hammer,HEAVY_CHEAP,15,6,,,,,,,tiny|household,,,806040,1.8,,,
hammer_gold,Молоток позолоченный,Gold-Plated Hammer,hammer,,30,,,,,,,,antique,,,f0c040,,,"Первый удар по фундаменту чего-то. Табличка стёрта.","Struck the first blow of something. Plaque unreadable."
wrench_adjustable,Ключ разводной,Adjustable Wrench,wrench,,4,,,,,,,,tiny|tech,,,888888,,,,
wrench_giant,Ключ ОГРОМНЫЙ,GIANT Wrench,wrench,HEAVY_CHEAP,12,8,,,,,,,tiny|household,,,777777,2.2,,,
wrench_monkey,Ключ «обезьяний»,Monkey Wrench,wrench,,6,,,,,,,,tiny,,,6a6a6a,,,,
drill_cordless,Шуруповёрт «Макито»,Makito Cordless Drill,drill,,35,,,,,,,,tech|household,,,40a0a0,,electronics,,
drill_dead,Шуруповёрт без батареи,Batteryless Drill,drill,,8,,,,,,,,tiny,,,40a040,,electronics,,
drill_dentist,Бормашина старая,Old Dentist Drill,drill,DIRTYABLE,75,,,,,,0.5,,antique|dark,,,c0c0c8,,,"Вжжж. Она ещё работает. Вжжжж.","Vzzz. It still works. Vzzzzz."
# ================= TOYS / SPORT / MUSIC
toy_bear_one_eye,Мишка одноглазый,One-Eyed Teddy,toy_bear,DIRTYABLE,2,,,,1,,0.3,,tiny,,,b08050,,,,
toy_bear_giant,Мишка гигантский,Giant Teddy Bear,toy_bear,,15,,,,1,,,,tiny|household,,,f0c0c0,3.0,,,
toy_bear_vintage,Мишка «Штайфф» 1930,1930 Steifff Bear,toy_bear,DIRTYABLE,120,,,,1,,0.5,,antique,,,a07040,,,,
toy_bear_pink,Мишка розовый,Pink Teddy,toy_bear,,4,,,,1,,,,tiny,,,f080c0,,,,
doll_creepy,Кукла жуткая,Creepy Doll,doll,FRAGILE,8,,,,,,,,dark|antique,,,f0e0d0,,,"Моргает когда не смотришь. Проверено.","Blinks when you're not looking. Verified."
doll_barbee,Кукла «Барбее»,Barbee Doll,doll,,5,,,,,,,,tiny,,,f0a0c0,0.7,,,
doll_porcelain,Кукла фарфоровая,Porcelain Doll,doll,FRAGILE|DIRTYABLE,90,,,,,,0.4,,antique,,4.0,f8f0e8,,,,
doll_voodoo,Кукла вуду (сувенир),Souvenir Voodoo Doll,doll,,12,,,,1,,,,dark,,,6a4a2a,0.6,,,
doll_nesting,Матрёшка,Nesting Doll,doll,CONTAINER,15,,,,,,,ring_mood:0.3|cash_5:0.3,antique|tiny,,,e03030,,,,
toy_car_hotwheelz,Машинка «Хот Вилз»,Hot Wheelz Car,toy_car,,2,,,,,,,,tiny,,,e03030,,,,
toy_car_rc,Машинка на пульте,RC Car,toy_car,,18,,,,,,,,tech|tiny,,,40a0e0,2.5,electronics,,
toy_car_tin,Машинка жестяная 1950,1950s Tin Car,toy_car,DIRTYABLE,75,,,,,,0.4,,antique,,,c0a040,1.8,,,
toy_car_gold,Машинка золочёная,Gold-Plated Toy Car,toy_car,,40,,,,,,,,antique|dark,,,f0c040,1.2,,,
ball_soccer,Мяч футбольный,Soccer Ball,ball,,5,,,,,,,,tiny,,,f0f0f0,,,,
ball_basketball_signed,Мяч с автографом,Signed Basketball,ball,,150,,,,,,,,antique|dark,,,e08040,1.1,,,
ball_bowling,Шар для боулинга,Bowling Ball,ball,HEAVY_CHEAP,8,7,,,,,,,tiny,,,202040,,,,
ball_beach,Мяч пляжный,Beach Ball,ball,,1,,,,,,,,tiny,,,f0e040,1.5,,,
ball_crystal,Шар хрустальный,Crystal Ball,ball,FRAGILE,40,,,,,,,,antique|dark,,4.0,e0f0ff,0.7,gem,"Показывает будущее: оно мутное.","Shows the future: it's cloudy."
baseball_signed,Бейсбольный мяч с росписью,Signed Baseball,ball,,500,,,,,,,,antique,,,f0f0f0,0.35,,"Подпись «Бэйб Рут». Ручкой. Синей. Гелевой.","Signed «Babe Ruth». In blue gel pen."
ball_disco,Диско-шар,Disco Ball,ball,FRAGILE,25,,,,,,,,tech|household,,,d0d0e0,1.3,,,
ball_yarn,Клубок пряжи,Ball of Yarn,ball,,1,,,,1,,,,tiny,,,e04080,0.6,,,
bicycle_rusty,Велик ржавый,Rusty Bike,bicycle,DIRTYABLE,20,,,,,,0.8,,tiny,,,6a4a3a,,,,
bicycle_racing,Велик гоночный карбон,Carbon Racing Bike,bicycle,,250,,,,,,,,tech|household,,,e03030,,,,
bicycle_kids,Велик детский,Kids Bike,bicycle,,18,,,,,,,,tiny,,,f060a0,0.6,,,
bicycle_tandem,Тандем,Tandem Bike,bicycle,,80,,,,,,,,household,,,40a040,1.3,,,
tire_bald,Покрышка лысая,Bald Tire,tire,HEAVY_CHEAP|DIRTYABLE,2,,,,1,,0.5,,tiny,,,222222,,,,
tire_racing,Покрышка гоночная,Racing Tire,tire,HEAVY_CHEAP,40,,,,1,,,,tech|dark,,,181818,,,,
tire_tractor,Покрышка тракторная,Tractor Tire,tire,HEAVY_CHEAP,10,40,,,1,,,,tiny,,,222222,1.8,,,
tire_swing,Покрышка-качеля,Tire Swing,tire,HEAVY_CHEAP,4,,,,1,,,,tiny,,,333333,,,,
skateboard_old,Скейт из 90-х,'90s Skateboard,skateboard,,8,,,,,,,,tiny,,,40a0c0,,,,
skateboard_pro,Скейт профессиональный,Pro Skateboard,skateboard,,60,,,,,,,,household|tech,,,222222,,,,
skateboard_snapped,Скейт сломанный,Snapped Skateboard,skateboard,,1,,,,,,,,tiny,,,8a6a40,,,,
guitar_acoustic,Гитара акустическая,Acoustic Guitar,guitar,FRAGILE,45,,,,1,,,,household|antique,,6.0,c08040,,,,
guitar_signed,Гитара с автографом,Signed Guitar,guitar,FRAGILE|DIRTYABLE,2500,,,,1,,0.3,,antique,,5.0,f0f0f0,,,"«Курт». Или «Крут». Почерк неразборчив.","«Kurt». Or «Kool». Illegible."
guitar_kids,Гитара детская,Kids Guitar,guitar,,6,,,,1,,,,tiny,,,f0a040,0.6,,,
guitar_electric_pink,Электрогитара розовая,Pink Electric Guitar,guitar,FRAGILE,120,,,,,,,,tech|household,,6.0,f040a0,,electronics,,
drum_snare,Барабан малый,Snare Drum,drum,,25,,,,,,,,household,,,c02020,,,,
drum_bongo,Бонго,Bongo Drum,drum,,10,,,,1,,,,tiny,,,a07040,0.7,,,
drum_tribal,Барабан племенной,Tribal Drum,drum,DIRTYABLE,75,,,,1,,0.5,,antique,,,6a4a2a,1.3,,,
trumpet_dented,Труба помятая,Dented Trumpet,trumpet,,18,,,,,,,,tiny|antique,,,c0a040,,,,
trumpet_gold,Труба золотая,Gold Trumpet,trumpet,,200,,,,,,,,antique,,,f0d060,,,,
trumpet_toy,Дудка детская,Toy Horn,trumpet,,3,,,,,,,,tiny,,,f04040,0.6,,,
keyboard_kids,Синтезатор детский,Kids Keyboard,keyboard_music,,8,,,,,,,,tiny,,,f0e040,0.6,electronics,,
keyboard_synth_80s,Синтезатор 80-х,'80s Synthesizer,keyboard_music,,120,,,,,,,,tech|antique,,,222222,,electronics,,
keyboard_church,Орган электронный,Electric Organ,keyboard_music,HEAVY_CHEAP,40,30,,,,,,,household|antique,,,6a4a2a,1.5,electronics,,
dumbbell_10kg,Гантеля 10 кг,10 kg Dumbbell,dumbbell,HEAVY_CHEAP,6,,,,,,,,tiny,,,333333,,,,
dumbbell_pink,Гантелька розовая 1 кг,Pink 1 kg Dumbbell,dumbbell,,2,1,,,,,,,tiny,,,f060a0,0.6,,,
dumbbell_gold,Гантеля золотая,Gold Dumbbell,dumbbell,HEAVY_CHEAP,25,,,,,,,,dark,,,f0c040,,,,
# ================= HEAVY / MISC
engine_block,Блок двигателя,Engine Block,engine,HEAVY_CHEAP|DIRTYABLE,40,,,,,,0.7,,tiny|tech,,,444444,,,,
engine_v8,Мотор V8 хромированный,Chrome V8 Engine,engine,HEAVY_EXPENSIVE,600,,,,,,,,tech|dark,,,c0c0c8,,,,
engine_lawnmower,Мотор от газонокосилки,Lawnmower Engine,engine,HEAVY_CHEAP|DIRTYABLE,15,20,,,,,0.5,,tiny,,,40a040,0.5,,,
anvil_iron,Наковальня,Anvil,anvil,HEAVY_CHEAP,30,,,,,,,,tiny|antique,,,333333,,,,
anvil_cartoon,Наковальня «ACME»,ACME Anvil,anvil,HEAVY_CHEAP,35,,,,,,,,antique|tiny,,,222222,,,"Падает только на койотов. Пока что.","Only falls on coyotes. So far."
anvil_mini,Наковальня ювелирная,Jeweler's Anvil,anvil,,8,3,,,,,,,antique,,,555555,0.3,,,
pallet_wood,Паллета,Wooden Pallet,pallet,HEAVY_CHEAP,1,,,,1,,,,tiny,,,b08a5a,,,,
pallet_plastic,Паллета пластиковая,Plastic Pallet,pallet,HEAVY_CHEAP,3,,,,,,,,tiny,,,3060a0,,,,
pallet_euro,Европаллета (с печатью),Stamped Euro Pallet,pallet,HEAVY_CHEAP,8,,,,1,,,,tiny|household,,,c0a070,,,,
brick_red,Кирпич,Brick,brick,,1,,,,,,,,tiny,,,a04030,,,,
brick_wall_berlin,Кирпич «из Стены»,Brick «From The Wall»,brick,,25,,,,,,,,antique|dark,,,808078,,,"Какой стены — не уточняется.","Which wall: unspecified."
brick_lego_giant,Кубик «Лего» огромный,Giant Lego-ish Brick,brick,,4,,,,,,,,tiny,,,e02020,2.0,,,
sink_kitchen,Мойка кухонная,Kitchen Sink,sink,HEAVY_CHEAP|DIRTYABLE,10,,,,,,0.5,,household|tiny,,,d0d0d8,,,,
sink_porcelain,Раковина фарфоровая антик,Antique Porcelain Sink,sink,FRAGILE|DIRTYABLE|HEAVY_EXPENSIVE,90,,,,,,0.6,,antique,,8.0,f8f8f0,,,,
sink_gold,Раковина позолоченная,Gold-Plated Sink,sink,HEAVY_EXPENSIVE,150,,,,,,,,dark|household,,,f0c040,,,,
sink_clogged,Раковина забитая,Clogged Sink,sink,HEAVY_CHEAP|DIRTYABLE,2,,,,,,0.9,,tiny,,,c0c0b0,,,,
umbrella_broken,Зонт вывернутый,Inside-Out Umbrella,umbrella,,1,,,,,,,,tiny,,,222222,,,,
umbrella_golf,Зонт гольфиста,Golf Umbrella,umbrella,,8,,,,,,,,household,,,208040,1.3,,,
umbrella_victorian,Зонтик викторианский,Victorian Parasol,umbrella,DIRTYABLE,45,,,,1,,0.4,,antique,,,f0e0d0,,,,
